#,HeadlineIdx,ID,Rank,Headline,Joke,GPT_Score,Mistral_0to4,Mistral_Norm,Final_0to10
1,1,en_2001,1,Panamanian lawmakers’ Taiwan trip sparks diplomatic row with China,"If you thought the Canal was the only thing that could split continents, this row proves paperwork can do it too—no ships required, just a lot of angry diplomats.",7.20,2.38,5.33,6.45
2,1,en_2001,2,Panamanian lawmakers’ Taiwan trip sparks diplomatic row with China,"In an alternate reality the Panama Canal turned into a giant water slide; the lawmakers slid straight into a Taiwanese tea ceremony, prompting China to unleash an inflatable dragon to block the exit.",7.10,2.29,5.08,6.29
3,1,en_2001,3,Panamanian lawmakers’ Taiwan trip sparks diplomatic row with China,Panamanian lawmakers took a quick flight to Taiwan and now China’s filing a formal complaint—talk about getting a one‑way ticket to a diplomatic no‑fly zone.,6.60,1.93,4.32,5.69
4,1,en_2001,4,Panamanian lawmakers’ Taiwan trip sparks diplomatic row with China,"China’s angry that Panama decided to row to Taiwan instead of rowing the canal; guess they prefer their disputes in a straight line, not a paddle‑stroke.",5.98,1.94,4.36,5.33
5,1,en_2001,5,Panamanian lawmakers’ Taiwan trip sparks diplomatic row with China,What do Panama and Taiwan have in common? They both have the potential to be the US's 28th state,5.60,2.19,4.86,5.30
6,1,en_2001,6,Panamanian lawmakers’ Taiwan trip sparks diplomatic row with China,"The lawmakers’ Taiwan trip was so unexpected, even the diplomatic GPS recalculated and shouted, ‘Recalculating… you’ve entered a row‑zone!’",6.10,1.63,3.58,5.09
7,1,en_2001,7,Panamanian lawmakers’ Taiwan trip sparks diplomatic row with China,What do you call a diplomatic row between Panama and China? A canal controversy,4.80,2.10,4.69,4.76
8,1,en_2001,8,Panamanian lawmakers’ Taiwan trip sparks diplomatic row with China,What is the best way to handle a diplomatic row with China? Taiwan.,4.20,2.16,4.82,4.45
9,1,en_2001,9,Panamanian lawmakers’ Taiwan trip sparks diplomatic row with China,Panamanian lawmakers’ Taiwan trip sparks diplomatic row with China What’s the Chinese embassy’s motto? “We’re number 1!”,3.85,2.04,4.58,4.14
10,1,en_2001,10,Panamanian lawmakers’ Taiwan trip sparks diplomatic row with China,What did the Chinese government say about Panamanian lawmakers’ Taiwan trip? It’s like they took the China trip.,2.85,2.10,4.69,3.59
11,1,en_2001,11,Panamanian lawmakers’ Taiwan trip sparks diplomatic row with China,Panamanian lawmakers’ Taiwan trip sparks diplomatic row with China  China has officially stated that it ‘will not tolerate any country having a relationship with Taiwan.’,2.05,1.82,4.06,2.85
12,2,en_2002,1,Carra: Liverpool must sign in January - even after summer spending spree,BREAKING NEWS: Government shutdown ends as Bill Gates has agreed to pay for Trump's wall On the condition that he gets to install windows.,6.35,2.39,5.34,5.95
13,2,en_2002,2,Carra: Liverpool must sign in January - even after summer spending spree,"If Liverpool keeps signing after a summer spree, they'll need a calendar just to track which month they're actually broke.",6.50,2.30,5.12,5.95
14,2,en_2002,3,Carra: Liverpool must sign in January - even after summer spending spree,Liverpool's transfer budget is the only thing that can survive a summer shopping spree and still have room for a January clearance sale.,6.20,2.25,4.97,5.71
15,2,en_2002,4,Carra: Liverpool must sign in January - even after summer spending spree,Carra says Liverpool must sign in January—so either they're getting a new midfielder or finally updating the stadium's restroom signs.,6.20,2.03,4.55,5.54
16,2,en_2002,5,Carra: Liverpool must sign in January - even after summer spending spree,In January Liverpool will sign a player so cheap the club will need a magnifying glass to read the contract—good thing the summer glitter hasn't melted yet.,6.10,2.10,4.70,5.54
17,2,en_2002,6,Carra: Liverpool must sign in January - even after summer spending spree,"Fans are still nursing the summer splurge, and now the club wants to buy in January; looks like they're on a financial diet with a side of guilt‑free guilt.",5.50,2.09,4.68,5.17
18,2,en_2002,7,Carra: Liverpool must sign in January - even after summer spending spree,"BREAKING NEWS: 3 people killed, 12 injured in a pile-up involving a cement mixer and a prison van.  Officials call it a 'highway tragedy'.",4.30,2.30,5.11,4.63
19,2,en_2002,8,Carra: Liverpool must sign in January - even after summer spending spree,Carra: Liverpool must sign in January - even after summer spending spree. [Image: Pochettino sipping tea],4.95,1.76,3.89,4.53
20,2,en_2002,9,Carra: Liverpool must sign in January - even after summer spending spree,Liverpool must sign Paul Pogba in January. The Frenchman is the key to everything.,3.60,1.93,4.33,3.89
21,2,en_2002,10,Carra: Liverpool must sign in January - even after summer spending spree,Why does Liverpool need a new manager? Because the last one had a Carra-va-nt.,3.20,2.10,4.69,3.79
22,2,en_2002,11,Carra: Liverpool must sign in January - even after summer spending spree,"Liverpool need a new player. ""We can't go on like this"", said Klopp.",2.30,2.33,5.20,3.46
