#,PairIdx,Rank,Word1,Word2,Joke,GPT_Score,Mistral_0to4,Mistral_Norm,Final_0to10,Human_Rating
1,1,1,banana,satellite,"Why did the banana apply for a satellite license? It wanted to become a ""peel‑ellite"" and broadcast its split‑second jokes across the fruit network.",7.20,2.00,4.50,6.12,
2,1,2,banana,satellite,"I saw a banana orbiting Earth like a tiny yellow satellite, sending peel‑s signals to the breakfast cosmos—proof that potassium really does have a higher calling.",7.20,2.00,4.50,6.12,
3,1,3,banana,satellite,"Scientists are testing biodegradable satellites shaped like bananas; when they de‑orbit they don’t burn up, they just turn the sky into a giant smoothie for the astronauts.",7.10,2.00,4.50,6.06,
4,1,4,banana,satellite,"A banana tried to make a long‑distance call using a satellite, but all it got was static—turns out you need a peel‑phone, not a peel‑ellite, for fruit‑to‑fruit communication.",7.10,2.00,4.50,6.06,
5,1,5,banana,satellite,"Leaving a banana on the kitchen counter is like watching a low‑orbit satellite: it just hangs there, watching the fridge door open and close, waiting for its launch window (aka dinner).",6.20,2.00,4.50,5.52,
6,1,6,banana,satellite,"BANANA SATELLITE CRISIS: Scientists have been monitoring the yellow fruit's transmissions for weeks. But now they've finally decoded its signal.  It's repeating ""help, I'm a banana"" over and over.",6.10,2.00,4.50,5.46,
7,1,7,banana,satellite,What do you call a banana that's been in space for 30 years? A yellow satellite.,5.50,2.00,4.50,5.10,
8,1,8,banana,satellite,What do you call a banana that has been left on the ground too long? A yellow satellite.,5.30,2.00,4.50,4.98,
9,1,9,banana,satellite,BANANA SATELLITE CRASHES IN RUSSIA Russian officials say they have recovered 275 bodies so far and expect to find hundreds more as they continue digging.,5.00,2.00,4.50,4.80,
10,1,10,banana,satellite,What's yellow and flashes? A banana with a loose connection.,4.65,2.00,4.50,4.59,
11,1,11,banana,satellite,What do you call a banana in space? A satellite.,4.20,2.00,4.50,4.32,
12,1,12,banana,satellite,"What’s a banana’s least favorite reindeer? Comet.   EDIT: woah! Didn’t expect this to blow up like this! Thanks for the upvotes, guys! Keep sending them in!",3.10,2.00,4.50,3.66,
13,1,13,banana,satellite,What do you call a Chinese satellite? A banana telephone.,2.75,2.00,4.50,3.45,
14,1,14,banana,satellite,"BREAKING NEWS: Ethiopian falls into crocodile pond 17 crocodiles confirmed dead so far, with Ethiopian still actively feeding.  Ethiopian being treated for minor injuries.  Official statement from Ethiopian: ""I don't know why this keeps happening to me.""",2.40,2.00,4.50,3.24,
15,1,15,banana,satellite,A banana with a loose connection.,2.40,2.00,4.50,3.24,
