#,Word1,Word2,Best_Joke,2nd_Best_Joke,Best_GPT,Best_Mistral_0to4,Best_Final,2nd_GPT,2nd_Mistral_0to4,2nd_Final,Human_Rating
1,banana,satellite,"Engineers designed a banana‑shaped satellite that peels off data as it circles Earth, proving that even fruit can be a high‑tech spy.","The banana wanted a career in aerospace, so it trained to become a peel‑orbiting satellite—always staying on the same wavelength and never slipping up.",7.90,2.34,6.83,7.90,2.13,6.64,
2,angry,teacup,"I walked into the kitchen and saw an angry teacup leading a protest against sugar, chanting, ""No more sweet talk!"" while the mug filed a restraining order.","An angry coworker is like a teacup left on the stove: you can see the steam rising, you know it’s about to boil over, but you still keep sipping the gossip.",7.10,2.48,6.50,6.60,2.56,6.29,
3,cosmic,toaster,"In the nebula café, the cosmic toaster floated by, toasting bread with supernova heat while the crumbs formed brand‑new constellations.","My therapist says I’m a cosmic toaster—full of potential inside, but everyone only ever sees the browned exterior.",7.75,2.41,6.81,7.20,2.58,6.66,
4,sleepy,volcano,"I woke up to find a sleepy volcano snoring on my roof, puffing out soft ash clouds like pillow‑smoke.",Why did the volcano feel sleepy? Because it couldn't stop counting lava‑sheep before its next eruption.,7.20,2.55,6.63,7.40,2.42,6.61,
5,neon,hamster,"Need a night‑shift guard? Hire a neon hamster: it scurries through dark hallways, its glowing fur acting like a living exit sign that never takes a coffee break.",I walked into a club where a neon hamster was DJing; every scratch on the record made the lights flicker like a hamster wheel on a caffeine binge.,7.20,2.23,6.29,6.90,2.38,6.27,
6,awkward,penguin,"Why was the penguin so awkward at the party? Because every time it tried to break the ice, it slipped on its own tuxedo!","Introducing the new yoga pose: the Awkward Penguin, where you balance on one foot while flapping your arms like you’re trying to hail a taxi.",6.65,2.43,6.17,6.60,2.12,5.85,
7,electric,spaghetti,I tried to plug my dinner into the wall—turns out electric spaghetti just gives you a shocking al dente.,The new Italian restaurant offers a ‘Volt‑agnese’—a sauce so electric that your spaghetti literally glows in the dark.,7.90,2.31,6.80,7.90,1.95,6.49,
8,dramatic,cactus,"I tuned into a desert soap opera where the cactus gave a dramatic soliloquy about feeling misunderstood, while the tumbleweeds offered a standing ovation.",Why did the cactus audition for the play? It heard the part was highly dramatic and loved the idea of delivering a prickly monologue.,6.45,2.44,6.06,6.35,2.11,5.69,
9,confused,astronaut,A confused astronaut tried filing his taxes with a meteor and was told you can’t claim a shooting star as a dependent.,"The confused astronaut kept looking for the space bar, but all he found were actual bars floating in zero‑gravity.",6.90,2.68,6.60,7.00,2.35,6.29,
10,rubber,tornado,"Imagine a tornado made of rubber: it spins forever, every gust ends with a squeak, and the only debris is over‑inflated balloon animals.",A rubber duck entered a tornado and emerged as a 'twist‑quacker'—a squeaky cyclone that leaves a trail of bubbles wherever it lands.,7.20,2.63,6.72,7.05,2.26,6.23,
11,invisible,taco,"My diet includes an invisible taco: I can see I’m not eating it, yet my stomach still hears the satisfying crunch.","Scientists tried to create an invisible taco for stealth meals, but the only thing it concealed was the calories, not the crunch.",7.40,2.51,6.71,7.40,2.31,6.49,
12,sarcastic,dolphin,"A therapist once prescribed a sarcastic dolphin for my anxiety; every session ended with it flippantly saying, ""Just keep swimming, or don’t—your call,"" while handing me a kelp‑shaped stress ball.","In the underwater courtroom, the sarcastic dolphin acted as judge, flipping his flippers and declaring, ""I’m sorry, your case is…flippin’ adorable, but I’m too busy making bubbles.""",7.10,2.57,6.59,7.10,2.41,6.42,
13,haunted,calculator,"I bought a haunted calculator.  It still works, but it keeps giving me 666 for everything.","I asked my haunted calculator how many cups of sugar for a ghost cake, and it replied “π‑spirit”—now I’m baking with irrational scares.",6.50,2.67,6.34,7.00,2.37,6.32,
14,spicy,cloud,"The weather report said 'spicy clouds incoming,' which turned out to be just a hot‑air balloon scented with jalapeño.","In the sky’s kitchen, clouds simmer in a cauldron of chili oil, so every lightning bolt arrives with a side of fire‑breathing salsa.",6.80,2.32,6.14,6.70,2.02,5.83,
16,disco,librarian,"When the librarian turned the reading room into a disco, the Dewey Decimal System became a dance floor: 500s were funky physics, 800s were smooth opera, and the only fine was a missed dance step.","The librarian opened a disco because she heard the stacks needed a good ""record"" spin, and now overdue notices come with glittery 12‑inch sleeves.",8.20,2.48,7.15,7.20,2.61,6.70,
17,lonely,robot,"My lonely robot asked for a friend, so I gave it a charging cable—now it’s constantly surrounded by ‘current’ companions.","Ever notice how a lonely robot is the only coworker who never steals your lunch, because it can’t even open the fridge without a firmware update?",7.20,2.81,6.91,7.40,2.52,6.72,
18,caffeinated,squirrel,"I walked into a forest and saw a caffeinated squirrel conducting a rave for the acorns, complete with tiny turntables and jittery beats.","I can't believe I got fired just because of a typo! I meant to write: ""I will not steal a tree."" Instead I wrote: ""I will not steal a caffeinated squirrel.""",7.10,2.49,6.51,6.55,2.52,6.21,
19,confused,mailbox,"My brain sometimes feels like a confused mailbox; thoughts pile up, I flag them for later, and the only delivery I get is a “you’ve got mail” notification from my own head.","In an alternate universe a confused mailbox is a therapist—drop a letter and it replies, “Tell me why you’re feeling so stamped.”",7.85,2.63,7.11,7.90,2.38,6.87,
